comment_created_at	comment_id	latest_draft_event_before	event_at	seconds_between	verdict
2026-09-23T13:55:21Z	5796139121	convert_to_draft	2026-09-23T13:55:19Z	2	true, but repeats the GitHub timeline event
2026-09-23T16:38:26Z	5798756822	convert_to_draft	2026-09-23T16:38:24Z	2	true, but repeats the GitHub timeline event
2026-09-23T20:34:20Z	5802481037	convert_to_draft	2026-09-23T20:34:18Z	2	true, but repeats the GitHub timeline event
2026-09-24T18:30:14Z	5819868552	convert_to_draft	2026-09-24T18:30:13Z	1	true, but repeats the GitHub timeline event
2026-09-25T17:47:51Z	5836892716	convert_to_draft	2026-09-25T00:29:39Z	62292	false: already a draft, no conversion
2026-09-27T15:26:43Z	5857183448	convert_to_draft	2026-09-26T06:54:09Z	117154	false: already a draft, no conversion
2026-09-27T18:37:42Z	5858631439	convert_to_draft	2026-09-26T06:54:09Z	128613	false: already a draft, no conversion
2026-09-28T13:32:49Z	5870906285	convert_to_draft	2026-09-28T13:32:47Z	2	true, but repeats the GitHub timeline event
2026-09-29T10:56:42Z	5888797940	convert_to_draft	2026-09-29T06:55:42Z	14460	false: already a draft, no conversion
2026-09-29T19:29:21Z	5897173735	convert_to_draft	2026-09-29T19:29:19Z	2	true, but repeats the GitHub timeline event
2026-09-30T11:44:05Z	5910506922	convert_to_draft	2026-09-30T11:44:03Z	2	true, but repeats the GitHub timeline event
2026-09-30T15:58:21Z	5914906670	convert_to_draft	2026-09-30T15:58:20Z	1	true, but repeats the GitHub timeline event
2026-10-01T20:39:29Z	5940116091	convert_to_draft	2026-10-01T20:39:27Z	2	true, but repeats the GitHub timeline event
2026-10-02T07:11:03Z	5947174658	convert_to_draft	2026-10-02T07:11:01Z	2	true, but repeats the GitHub timeline event
2026-10-02T16:34:06Z	5956791428	convert_to_draft	2026-10-02T16:34:02Z	4	true, but repeats the GitHub timeline event
2026-10-03T03:29:11Z	5965072897	convert_to_draft	2026-10-03T03:29:09Z	2	true, but repeats the GitHub timeline event
2026-10-04T12:00:59Z	5979703717	convert_to_draft	2026-10-04T12:00:57Z	2	true, but repeats the GitHub timeline event
